{
  "project_overview": {
    "name": "Personal Website - Qwit Style",
    "description": "A configurable personal website with social links using React, Tailwind CSS, and SQLite database",
    "core_features": [
      "Profile information display with avatar and bio",
      "Projects showcase with modern card design",
      "Social media links with brand colors and icons",
      "Contact form with Discord webhook integration",
      "Dark theme with gradient background",
      "Admin section for content management"
    ],
    "tech_stack": [
      "React + TypeScript frontend",
      "Express.js backend",
      "SQLite database for persistent storage",
      "Tailwind CSS for styling",
      "Shadcn UI components"
    ]
  },
  "understanding": {
    "purpose": "Create a visually appealing personal website in the style of Qwit that can be easily customized through an admin interface without editing code",
    "key_concepts": [
      "Data persistence through SQLite database",
      "Admin authentication for secure content management",
      "First-time setup process to create credentials",
      "Responsive design approach for all devices",
      "Discord webhook integration for contact form"
    ]
  },
  "todo": {
    "completed": [
      "Add contact URL field to admin dashboard",
      "Expose updateContactUrl in the routes.ts API",
      "Add image upload functionality for profile/projects",
      "Add confirmation messages for admin actions",
      "Implement social links management functionality",
      "Add support for image/Lanyard API in status field"
    ],
    "in_progress": [
      "Fix social name display issues when text gets too long",
      "Optimize image loading and display"
    ],
    "remaining": [
      "Add dark mode switcher in the Layout component",
      "Add a 'Theme' section to the admin dashboard",
      "Improve error handling in setup process",
      "Add form validation for admin inputs"
    ],
    "bug_fixes": [
      "Fix setup process initialization issues",
      "Fix project icons fallback display",
      "Ensure proper error handling for database operations"
    ]
  }
}